"Nama_Produk","satisfaction"
"ASF PENARIK KERTAS EPSON TX111 TX101 TX110",5
"ASF PICKUP PENARIK KERTAS L210 / L350 / L355",5
"ASF Pickup Roller Epson 1390 T1100 L1300 L1800",5
"ASF UNIT EPSON WF-5111 / WF-5621 / WF-5110 PICKUP ASSY / PAPER FEEDER",5
"Adaptor / Power Supply Printer Canon MG2570 / 2540 / IP2870 / E400",5
"Adaptor Epson L110, L210, L300 L360",5
"Adaptor Epson Stylus L110 / L120 / L300",5
"Adaptor Epson Stylus L210 / L350 / L355",5
"Adaptor Printer Epson L805 L850 L800 T60 R290 (bekas)",5
"Anti Gores KTP SIM NPWP BPJS ATM",5
"Auto Blade Holder Silhouette Cameo 3 - Replacement Auto blade",5
"Avines Glossy Photo Paper 115 gsm",5
"BACKLIT FILM 150 gsm - REVERSE PRINT",5
"BACKLIT FILM 150 gsm A3 - REVERSE PRINT",5
"BAHAN ID CARD PUTIH 50 SET (UNTUK LASER PRINTER) PET LASER",5
"BAHAN ID CARD PUTIH A3+ LASER",5
"BAHAN ID CARD PUTIH A3+ PET LASER (UNTUK LASER PRINTER)",5
"BAHAN PVC ID CARD - Overlay",5
"BAHAN PVC ID CARD - Overlay SAJA UNTUK LASER PRINTER A3+",5
"BAHAN PVC ID CARD - PVC nya saja - Lembaran Keras/Tengah",5
"BAHAN PVC ID CARD 25 lembar - Overlay (UNTUK LASER PRINTER) A3+",5
"BAHAN PVC ID CARD 25 lembar - PVC nya saja - Lembaran Keras/Tengah",5
"BAHAN PVC ID CARD 50 lembar - Overlay",5
"BAHAN PVC ID CARD 50 lembar - Overlay (UNTUK LASER PRINTER)",5
"BAHAN PVC ID CARD 50 lembar - Overlay Seri-Beta",5
"BAHAN PVC ID CARD 50 lembar - PVC nya saja - Lembaran Keras/Tengah",5
"BROTHER Tinta LC-3617Y | LC3617Y | LC3617 Y Original Yellow",5
"Bak Pembuangan EPSON L300 L310 L350 L355 L365 ORIGINAL",5
"Baterai Kotak 9V",4
"Blade silhouette Cameo dan Portrait",5
"Botol Tinta Epson 664 667 Impor",5
"Buku Attack on titan",5
"CAIRAN PEMBERSIH PRINTHEAD / PRINTHEAD CLEANING LIQUID",4
"CARRIAGE PCB MFC-J430W J725W",5
"CARTRIDGE INFUS EPSON 1390 / T60",5
"CARTRIDGE INFUS EPSON R230",5
"CARTRIDGE INFUS EPSON T13 / TX121 / T11",5
"CARTRIDGE REFILL MCISS BROTHER J100 J105 J200 - LC535 LC539",5
"CARTRIDGE REFILL MCISS BROTHER J100 J105 J200 - LC535 LC539 PANJANG",5
"CARTRIDGE REFILL MCISS BROTHER J430W J625DW J5910DW J6710DW J6910DW",5
"CARTRIDGE REFILL MCISS BROTHER J5910 PANJANG",5
"CHIP EPSON ME32",5
"CHIP EPSON T11 T20",5
"CISS EPSON STYLUS 1390",5
"CISS EPSON STYLUS 1390 + TABUNG MODEL EPSON",5
"CISS EPSON STYLUS R230",5
"CISS EPSON STYLUS R230 + TABUNG MODEL EPSON",5
"CORAL Double Side Glossy Photo Paper 150 gsm",5
"CORAL Glossy Photo Paper 210 gsm",5
"CORAL Glossy Photo Paper 230 gsm",5
"CORAL Glossy Photo Paper A3 230 gsm / Kertas Photo A3",5
"CORAL Glossy Photo Paper F4 Folio 230 gsm",5
"CORAL Glossy Sticker A3 120 gsm / Kertas Stiker Glossy Photo A3",5
"CORAL Glossy Sticker Photo Paper 120 gsm",5
"CORAL Transfer Paper White",5
"CR MOTOR / Carriage Motor Epson T1100 / L1300",5
"CSIC Board / Chip Detector Epson 1390 Rekondisi",5
"CSIC Board Epson Stylus 1390",4
"Cable Head Epson T13 / ME32",4.5
"Cable Head extention Epson Stylus T1100",3
"Cariage Motor Epson 1390",3
"Carriage Motor Epson WF-5111 / WF-5621",5
"Cartridge Epson Dumper Epson L100 L200 L110 L210 L300 L350 L800",5
"Cartridge Refillable Brother DCP-125 / LC39",5
"Cartridge Refillable Brother LC38 (baru)",5
"Cartridge Refillable Brother MFC-J430 / LC400",5
"Clear PET FILM / PLASTIK TRANSPARAN / OHP FILM 110 gsm",5
"Coaxial Belden RG6 Kabel Antena",4.5
"Coral Double Side Matte Inkjet Paper 220 gsm",5
"Coral Glossy Paper A4 120 gr",5
"Coral Inkjet Paper 110 gsm",5
"Coral Silky Paper Rough Type 230 gsm",5
"Coral Silky Paper Rough Type 260 gsm",5
"Cutting Plotter - Silhouette CAMEO 3",5
"DINAMO / CR MOTOR EPSON 1390 L1800 T1100 L1300",5
"DINAMO / CR MOTOR EPSON L800 T60 L805",4
"DR Winston cleaner inkjet Print head tinta Plotter, DTG 70ml",5
"DR Winston new cleaner inkjet Print head tinta Plotter, printer DTG",5
"ENCODER DISC ENCODER ROTARY ENCODER BULAT BROTHER A4 #1",5
"EPRINT A3 DOUBLE SIDE MATTE PHOTO PAPER 220 gsm",5
"EPRINT FINE ART PAPER 210 gr",5
"EPRINT Glossy Sticker Photo Paper 135 gsm",5
"EPRINT Silky Gold Photo Paper 260 gsm / KERTAS FOTO SILKY DOFF",5
"EPRINT Sticker Transparan 150 gsm",5
"EPRINT T-Shirt Dark Transfer Paper",5
"EPRINT White Canvas",5
"Encoder Bulat/Timing Disk Canon IP1880/IP1980/MP145/160/198 Bekas",5
"Encoder Disc BROTHER A3 #1",5
"Encoder Disc Encoder Bulat Epson T13 L100 L200 TX121",5
"Encoder Panjang Encoder Strip EPSON 1390 L1300 L1800 T1100 R2000",5
"Encoder Strip BROTHER A3 #1",5
"Encoder Strip BROTHER A4 #1",5
"Encoder Strip EPSON #1",5
"Encoder Strip EPSON L100 L200 T13",5
"Encoder Strip EPSON T11 T20",5
"FILM SABLON A3 INKJET WATERPROOF",5
"FILM SABLON A3 INKJET WATERPROOF - Sample 1 lembar",5
"FILM SABLON A4 INKJET WATERPROOF",5
"FULLMARK Inkjet Transparansi",5
"Gear Assy Epson L100 / L200 / T13 / ME32 / TX121",5
"Glossy Paper 180 gsm (Generic)",5
"Glossy Paper 210 gsm (Generic)",5
"Glossy Paper 230 gsm (Generic)",5
"Glossy Photo Paper 115 gsm",5
"Glossy Photo Paper 120 gsm",4.5
"INKJET MEDICAL FILM - FRONTPRINT",5
"INKJET MEDICAL FILM - REVERSE PRINT",5
"INKJET TRANSPARANT FILM 110 gsm",5
"INKJET TRANSPARANT FILM 110 gsm A3+",5
"Ink Pads / Pembuangan Tinta EPSON L300 L310 L350 L355 L365 Ori New",5
"Inkjet Print Head Cleaning Stick Cotton Swab",5
"Inkjet Sticker Transparan 150 gsm PET",5
"Inkjet Sticker Transparan 150 gsm Waterproof / Tahan air",5
"KABEL HEAD EPSON STYLUS R230",5
"KABEL POWER SUPER PREMIUM CEBEC GTSA-3 KUALITAS AAA",5
"KABEL USB PRINTER BIRU 5M",5
"KABEL USB PRINTER ORIGINAL",5
"Kabel Flexible / CABLE PRINT HEAD EPSON 1390 / L1800 ORIGINAL",4
"Kabel Flexible / CABLE PRINT HEAD EPSON L110 L210 L220 L300 ORIGINAL",5
"Kabel Flexible / CABLE PRINT HEAD EPSON L120 ORIGINAL",5
"Kabel Flexible / CABLE PRINT HEAD EPSON T13 L100 L200",5
"Kabel Flexible Sensor EPSON T13 L100 L200",5
"Kable Flexible / Cable Head Epson Stylus L100 / L200 / TX121",5
"Karet ASF / Penarik Kertas Epson Stylus L1800 / L1300",5
"Kertas Foto / HP Vivid Photo Paper",5
"LAMINASI 21 cm - ROLL",5
"LAMINASI 31 cm - ROLL",5
"LAMINASI 63.5 cm - ROLL",5
"LAMINASI GLOSSY 21 cm - ROLL / GULUNGAN",5
"LAMINASI MATTE DOFF 21 cm - ROLL / GULUNGAN",4.5
"LUSTER / SATIN Photo Paper 220 gr A4",5
"Lembaran KERAS/TENGAH Bahan ID CARD untuk LASER/TONER A3+",5
"Lembaran Keras/Tengah PVC ID CARD untuk LASER/TONER",5
"Lembaran Keras/Tengah PVC ID CARD untuk LASER/TONER A3",5
"MAINBOARD / LOGICBOARD EPSON R2000",5
"MAINBOARD CANON IP1800",5
"MAINBOARD EPSON LQ-2190 (BARU)",5
"MAINBOARD EPSON T13 Rekondisi",5
"MAINTENANCE BOX EPSON L6160 L6170 L6190",5
"MAINTENANCE BOX EPSON WF-7610, WF-7611, WF-7620 ORIGINAL",5
"MEDICAL FILM / RONTGEN / X-RAY - INKJET",5
"MERRY Profesional Glossy Paper A4 230 gr",5
"MESIN LAMINATING 330",5
"Mainboard BROTHER DCP-T310",5
"Mainboard BROTHER MFC-J615W",5
"Mainboard EPSON STYLUS R230 (Bekas)",5
"Mainboard EPSON STYLUS TX-101 (Bekas)",5
"Mainboard Epson L110 (Baru)",5
"Mainboard Epson L210 (Baru)",4.5
"Mainboard Epson L350 (Baru)",5
"Mainboard Epson L800 (Baru)",5
"Mainboard Epson Stylus T60 (Bekas)",5
"Mainboard HP Deskjet 1050 + Panel",5
"Mainboard Printer EPSON Stylus R350 (Bekas)",5
"Maintenance Box EPSON T6710",5
"Maintenance Box EPSON T6711",5
"Maintenance Box EPSON T6711 compatible",5
"Maintenance Box Epson L1455 Compatible T6711/PXMB3",5
"Maintenance Box Epson L1455 Original T6711/PXMB3",5
"Maintenance Box Epson WF-C5790 T671600",5
"Manifold Printhead Head Epson 1390 L1800 Printer DTG",5
"OPC Drum HP 35A",4
"PEMBERSIH PRINTHEAD THERMAL ZEBRA ARGOX",5
"PET FILM DTF",5
"PICKUP ROLLER / Karet Penarik kertas Epson R230 / T60 / L800 / L805",5
"PLASTIK LAMINASI GLOSSY A3 100 GSM - COLD LAMINATING GLOSSY FILM",5
"PLASTIK LAMINASI GLOSSY A4 100 GSM - COLD LAMINATING GLOSSY FILM",5
"PLASTIK LAMINASI GLOSSY F4 100 GSM FOLIO- COLD LAMINATING GLOSSY FILM",5
"PLASTIK LAMINASI MATTE A3 100 GSM - COLD LAMINATING MATTE FILM",5
"PLASTIK LAMINASI MATTE A4 100 GSM - COLD LAMINATING MATTE FILM",5
"PLASTIK LAMINASI MATTE F4 100 GSM - COLD LAMINATING MATTE FILM",5
"POLYFILM INKJET UNTUK FILM SABLON A3+ WATERPROOF",5
"POLYFILM INKJET UNTUK SABLON 61 cm",5
"PRINT HEAD BROTHER MFC-6490 (ORIGINAL) PRINTHEAD",5
"PRINT HEAD EPSON DOT MATRIX LQ-2180 LQ2190 - PRINTHEAD",5
"PRINT HEAD EPSON STYLUS L1800 - PRINTHEAD",5
"PRINT HEAD EPSON STYLUS T1100 - PRINTHEAD",5
"PRINT HEAD EPSON STYLUS T13 / TX121 / L100 / L200 - PRINTHEAD",5
"PRINT HEAD EPSON WORKFORCE WF-7511 / TX600 / T40 - PRINTHEAD",5
"PRINT HEAD EPSON WORKFORCE WF-7611 - PRINTHEAD",5
"PRINTHEAD BROTHER DCP-J100 / J200 / T300 / T500W / T700W (ORIGINAL)",5
"PRINTHEAD BROTHER DCP-T310 DCP-T510W (ORIGINAL)",5
"PRINTHEAD BROTHER DCP-T710W / MFC-T810W / MFC-T910DW",5
"PRINTHEAD BROTHER HL-T4000 MFC-T4500",5
"PRINTHEAD BROTHER MFC-J3520 / J3720 (ORIGINAL)",5
"PRINTHEAD BROTHER MFC-J3530 (ORIGINAL)",5
"PRINTHEAD BROTHER MFC-J3720 (ORIGINAL)",5
"PRINTHEAD CLEANER / PEMBERSIH 100ml",5
"PRINTHEAD CLEANER / PEMBERSIH PRINTHEAD ECO SOLVENT",5
"PRINTHEAD EPSON L1110 L3110",5
"PRINTHEAD EPSON L1455",5
"PRINTHEAD EPSON L220 L310 L350 L355",5
"PRINTHEAD EPSON L380 L385 L405 L455",5
"PRINTHEAD EPSON STYLUS 1390",5
"PRINTHEAD EPSON STYLUS L110 / L210 / L300 / L355",5
"PRINTHEAD EPSON STYLUS L800 / T60",5
"PRINTHEAD EPSON STYLUS R230",5
"PRINTHEAD EPSON WF-100",5
"PROGRAM RESETTER EPSON",5
"PVC BAHAN ID CARD",5
"PVC BAHAN ID CARD EMAS / GOLD 50 SET (GUCH)",5
"PVC BAHAN ID CARD ISI 5 SET",5
"PVC BAHAN ID CARD PUTIH 25 SET (UNTUK LASER PRINTER)",5
"PVC BAHAN ID CARD PUTIH 50 SET",5
"PVC BAHAN ID CARD PUTIH 50 SET (GUCH)",5
"PVC BAHAN ID CARD PUTIH 50 SET (UNTUK LASER PRINTER)",5
"PVC BAHAN ID CARD PUTIH A3+ (UNTUK LASER PRINTER)",5
"PVC BAHAN ID CARD SILVER 50 SET (GUCH)",5
"PVC BAHAN ID CARD UNTUK PRINTER LASER ISI 5 SET",5
"Pickup Assy EPSON STYLUS L110 / L120 / L300",5
"Pickup Up Roller Epson 1390 / T1100",5
"Pickup Up Roller Epson Stylus L1800 / L1300",5
"Plastik Laminasi Kanvas A4",5
"Plastik Laminating 20 lembar",5
"Plastik Laminating Toho A4 100 Micron",5
"Plastik Laminating Toho Folio 100 Micron",5
"Plong ID Card PVC Card Cutter Standard Kartu Member",5
"Pompa Brother DCP-J125 Maintenance Unit",5
"Pompa Epson T1100 L1300",5
"Power Supply BROTHER DCP-J125 MFC-J220 MFC-J615W",5
"Power Supply BROTHER MFC-J615W",4
"Power Supply EPSON L800 / L805 / R290 / T60 ORI New",5
"Power Supply Epson L Series",5
"Power Supply Epson L1800 (BARU)",5
"Power Supply Epson Stylus 1390 (bekas)",4
"Power Supply Printer BROTHER DCP-J125",5
"Power Supply Printer BROTHER DCP-T700W MFC-T810W",5
"Power Supply Printer BROTHER MFC-J3520 MFC-J3720 A3",5
"Power Supply Printer BROTHER MFC-J3530DW MFC-J3730DW A3",5
"Power Supply Printer BROTHER MFC-J430",4
"Power Supply Printer EPSON LQ-2190",4.5
"Power Supply Printer EPSON LQ-2190 / LQ2190",5
"Power Supply Printer EPSON LX-300+ / LX-300+II / LQ-300+ / LQ-300+II",5
"Power Supply Printer EPSON LX-310",5
"Power Supply Printer EPSON LX-310 LQ-310 (Rekondisi)",5
"Printer Canon Untuk Notaris/ PPAT (A3 LIPAT)",5
"Printer EPSON Untuk Notaris/ PPAT (A3 LIPAT)",5
"Printhead Epson Stylus Office L1300",5
"STICKER GLOSSY PHOTO PAPER 120 gsm",5
"STICKER GLOSSY PHOTO PAPER 135 gsm",5
"STICKER TRANSPARAN TAHAN AIR",5
"STICKER VINYL GLOSSY A3 (Vinil PVC)",5
"STICKER VINYL GLOSSY A3 130 gsm / STIKER VINIL GLOSSY A3 130 gr",5
"STICKER VINYL GLOSSY A4 (PVC VINIL)",5
"STICKER VINYL GLOSSY A4 130 gsm / STIKER VINIL GLOSSY A4 130 gr",5
"STICKER VINYL GLOSSY uk. A3+ (PVC VINIL)",5
"STICKER VINYL MATTE A3 130 GSM / STIKER VINIL MATTE A3 130 GR",5
"STICKER VINYL MATTE A3 150 GSM /STIKER VINIL MATTE WATERPROOF",5
"STICKER VINYL MATTE A4 130 GSM / STIKER VINIL MATTE A4 130 GR",5
"STICKER VINYL MATTE A4 130 GSM / STIKER VINIL MATTE WATERPROOF",5
"STICKER VINYL MATTE A4 150 GSM / STIKER VINIL MATTE A4 150 GR",5
"STICKER VINYL MATTE A4 150 GSM /STIKER VINIL MATTE WATERPROOF",5
"Sandaran Kertas EPSON L120 L121",5
"Selang Infus Printer 6 Jalur",5
"Selang Pompa Epson L1110 L3110 L1210 L3210",5
"Sensor Detector Cartridge BROTHER MFC-J430W",5
"Sensor Encoder Disc Epson L200 TX121 T13",5
"Sensor Mekanik Epson 1390 L1800 L1300 T1100 APG",5
"Silhouette Cameo Pen Holder",5
"Silhouette Connect",5
"Silhouette Mint - Mesin stempel",5
"Silky Satin Photo Paper 240 gsm / KERTAS FOTO SILKY DOFF SATIN",5
"Spuit Syringe / Suntikan 10 ml utk Tinta Refill Tinta",5
"Sticker / Stiker Transparan 150 gsm",5
"Sticker Glossy Paper SKYPRINT 145 gsm",5
"Stiker Vinyl Transparan Inkjet",5
"Stiker Vinyl Transparan Inkjet A3",5
"TINTA INKTEC HP PAGEWIDE 477 X476",5
"TINTA SKYPRINT UV DYE 1L UNTUK CANON G1000 G2000 MP258 IP2770",5
"TINTA SKYPRINT UV DYE 1L UNTUK EPSON L110 L120 L300 L310 L100 L220",5
"TINTA SKYPRINT UV DYE 1L UNTUK EPSON L800 L805 1390 T60 R230",5
"TINTA SUBLIM KOREA TINTA SUBLIMASI KOREA BLACK",5
"TINTA SUBLIM KOREA TINTA SUBLIMASI KOREA CYAN",5
"TINTA SUBLIM KOREA TINTA SUBLIMASI KOREA MAGENTA",5
"TINTA SUBLIM KOREA TINTA SUBLIMASI KOREA YELLOW",5
"TINTA SUBLIM UNTUK EPSON L800 L805 T60 1390",5
"TPLink Wireless usb adapter",5
"Tabung Model L100, L110 Exclusive Premium",5
"Tambahan packing #1",5
"Timer Theben SUL 181 H",5
"Timing Belt Canon Pixma iP1980 (Bekas)",5
"Timing Belt EPSON #1",5
"Timing Belt EPSON STYLUS 1390 / T1100",5
"Timing Belt EPSON STYLUS R230",5
"Timing Belt EPSON Stylus T11 / T20 / C90",5
"Timing Belt EPSON T13 L100 L200 TX121 ME32",5
"Tinta ARTPAPER EPSON 664 L110 L120 L300 L310",5
"Tinta Artpaper 100ml",5
"Tinta Cartridge Epson 82N Original LosePack",5
"Tinta Dye 100ml untuk EPSON",5
"Tinta EPSON 003 L1110 L3110",5
"Tinta EPSON 664 L110 L120 L300 L310",5
"Tinta Epson 664 asli original L100 L120 L310",5
"Tinta ORIGINAL EPSON 003 L1110 L3110 Loose pack",5
"Tinta ORIGINAL EPSON 673 L800 L1800 L805 L850 Loose pack",5
"Tinta Original EPSON 003",5
"Tinta Original EPSON L100 / L200 / L110 / L210",5
"Tinta Original EPSON L120 L121",5
"Tinta Original EPSON L800 / L1800",5
"Tinta Original EPSON L800 / L1800 / L805",3
"Tinta PIGMENT EPSON 664 L110 L120 L300 L310",5
"Tinta Pigment 100ml untuk EPSON L800 L805 L1800 1390",5
"Tinta Refill DYE 100ml untuk BROTHER",5
"Tinta Refill DYE Brother 100ml",5
"Tinta SUBLIM EPSON 664 L110 L120 L300 L310",5
"Tinta refill EPSON seri L Cyan Biru",5
"Tinta refill EPSON seri L Magenta",5
"Tinta refill EPSON seri L YELLOW",4
"Tombol Power Panel Epson L1800",5
"Transfer Paper White",5
"Tray Kertas EPSON A3",5
"WADAH KERTAS BROTHER / PAPER TRAY BROTHER / CASSETTE BROTHER",5
"Water Slide Decal Paper - Clear / Transparant",5
"Water Slide Decal Paper -White",5
NA,5
